{
  "cmsadaptor" : {
    "transaction" : "cmsadaptor",
    "sampleCount" : 250,
    "errorCount" : 0,
    "errorPct" : 0.0,
    "meanResTime" : 27.74000000000001,
    "minResTime" : 8.0,
    "maxResTime" : 681.0,
    "pct1ResTime" : 41.900000000000006,
    "pct2ResTime" : 69.89999999999998,
    "pct3ResTime" : 326.43000000000006,
    "throughput" : 1.2471378187060698,
    "receivedKBytesPerSec" : 6.00306866054904,
    "sentKBytesPerSec" : 0.3495396034850019
  },
  "ent-se AEM" : {
    "transaction" : "ent-se AEM",
    "sampleCount" : 250,
    "errorCount" : 0,
    "errorPct" : 0.0,
    "meanResTime" : 1290.5559999999998,
    "minResTime" : 256.0,
    "maxResTime" : 3891.0,
    "pct1ResTime" : 2597.6000000000004,
    "pct2ResTime" : 3169.099999999999,
    "pct3ResTime" : 3606.370000000001,
    "throughput" : 0.6255864873318737,
    "receivedKBytesPerSec" : 1338.081844307163,
    "sentKBytesPerSec" : 0.12585040663121677
  },
  "navigation AEM" : {
    "transaction" : "navigation AEM",
    "sampleCount" : 250,
    "errorCount" : 0,
    "errorPct" : 0.0,
    "meanResTime" : 308.64799999999985,
    "minResTime" : 53.0,
    "maxResTime" : 933.0,
    "pct1ResTime" : 643.3000000000001,
    "pct2ResTime" : 721.8499999999999,
    "pct3ResTime" : 897.5000000000005,
    "throughput" : 0.6219431494205978,
    "receivedKBytesPerSec" : 283.12504198116255,
    "sentKBytesPerSec" : 0.127546934939771
  },
  "countries AEM" : {
    "transaction" : "countries AEM",
    "sampleCount" : 250,
    "errorCount" : 0,
    "errorPct" : 0.0,
    "meanResTime" : 52.04800000000001,
    "minResTime" : 11.0,
    "maxResTime" : 378.0,
    "pct1ResTime" : 90.0,
    "pct2ResTime" : 117.24999999999994,
    "pct3ResTime" : 319.45000000000005,
    "throughput" : 0.6225828221928362,
    "receivedKBytesPerSec" : 27.728647238035826,
    "sentKBytesPerSec" : 0.12707012679521756
  },
  "lp AEM" : {
    "transaction" : "lp AEM",
    "sampleCount" : 250,
    "errorCount" : 0,
    "errorPct" : 0.0,
    "meanResTime" : 70.54399999999988,
    "minResTime" : 14.0,
    "maxResTime" : 1641.0,
    "pct1ResTime" : 117.60000000000002,
    "pct2ResTime" : 159.79999999999995,
    "pct3ResTime" : 345.74000000000024,
    "throughput" : 0.6313290739665143,
    "receivedKBytesPerSec" : 38.920450958357534,
    "sentKBytesPerSec" : 0.12453952435667567
  },
  "app css" : {
    "transaction" : "app css",
    "sampleCount" : 250,
    "errorCount" : 0,
    "errorPct" : 0.0,
    "meanResTime" : 261.7399999999999,
    "minResTime" : 112.0,
    "maxResTime" : 1261.0,
    "pct1ResTime" : 524.1,
    "pct2ResTime" : 706.4999999999999,
    "pct3ResTime" : 1077.7800000000002,
    "throughput" : 1.2446480135417706,
    "receivedKBytesPerSec" : 312.3288706219506,
    "sentKBytesPerSec" : 0.33060962859703275
  },
  "version.json" : {
    "transaction" : "version.json",
    "sampleCount" : 250,
    "errorCount" : 1,
    "errorPct" : 0.4,
    "meanResTime" : 1637.996,
    "minResTime" : 533.0,
    "maxResTime" : 21008.0,
    "pct1ResTime" : 3787.3,
    "pct2ResTime" : 4740.65,
    "pct3ResTime" : 8746.260000000018,
    "throughput" : 0.6196677589343698,
    "receivedKBytesPerSec" : 0.5933149351393756,
    "sentKBytesPerSec" : 0.1127093353877385
  },
  "vendor" : {
    "transaction" : "vendor",
    "sampleCount" : 250,
    "errorCount" : 0,
    "errorPct" : 0.0,
    "meanResTime" : 1750.6960000000001,
    "minResTime" : 415.0,
    "maxResTime" : 4290.0,
    "pct1ResTime" : 2545.8,
    "pct2ResTime" : 2744.3999999999996,
    "pct3ResTime" : 3050.1100000000015,
    "throughput" : 1.2446789972865997,
    "receivedKBytesPerSec" : 2079.7036322066915,
    "sentKBytesPerSec" : 0.3439884338204177
  },
  "service-updates AEM" : {
    "transaction" : "service-updates AEM",
    "sampleCount" : 250,
    "errorCount" : 0,
    "errorPct" : 0.0,
    "meanResTime" : 131.40399999999997,
    "minResTime" : 30.0,
    "maxResTime" : 506.0,
    "pct1ResTime" : 263.9,
    "pct2ResTime" : 311.1499999999999,
    "pct3ResTime" : 464.4100000000001,
    "throughput" : 0.6217652662025811,
    "receivedKBytesPerSec" : 110.81083572868401,
    "sentKBytesPerSec" : 0.130546418196831
  },
  "fu AEM" : {
    "transaction" : "fu AEM",
    "sampleCount" : 250,
    "errorCount" : 0,
    "errorPct" : 0.0,
    "meanResTime" : 154.83599999999993,
    "minResTime" : 33.0,
    "maxResTime" : 696.0,
    "pct1ResTime" : 325.8,
    "pct2ResTime" : 387.79999999999995,
    "pct3ResTime" : 613.1500000000012,
    "throughput" : 0.6312987836135037,
    "receivedKBytesPerSec" : 149.79844701288354,
    "sentKBytesPerSec" : 0.12453354911125757
  },
  "dtcconfig" : {
    "transaction" : "dtcconfig",
    "sampleCount" : 250,
    "errorCount" : 0,
    "errorPct" : 0.0,
    "meanResTime" : 36.67999999999999,
    "minResTime" : 8.0,
    "maxResTime" : 1478.0,
    "pct1ResTime" : 47.0,
    "pct2ResTime" : 136.19999999999868,
    "pct3ResTime" : 286.84000000000015,
    "throughput" : 1.252128618651708,
    "receivedKBytesPerSec" : 1.1408554699238707,
    "sentKBytesPerSec" : 0.3448244828708805
  },
  "rfd AEM" : {
    "transaction" : "rfd AEM",
    "sampleCount" : 250,
    "errorCount" : 0,
    "errorPct" : 0.0,
    "meanResTime" : 64.19200000000001,
    "minResTime" : 15.0,
    "maxResTime" : 364.0,
    "pct1ResTime" : 112.9,
    "pct2ResTime" : 156.0,
    "pct3ResTime" : 317.43000000000006,
    "throughput" : 0.6239969249431538,
    "receivedKBytesPerSec" : 39.734101065349954,
    "sentKBytesPerSec" : 0.12370251539400415
  },
  "error AEM" : {
    "transaction" : "error AEM",
    "sampleCount" : 250,
    "errorCount" : 0,
    "errorPct" : 0.0,
    "meanResTime" : 271.25600000000026,
    "minResTime" : 55.0,
    "maxResTime" : 1407.0,
    "pct1ResTime" : 570.2,
    "pct2ResTime" : 705.05,
    "pct3ResTime" : 1160.8600000000001,
    "throughput" : 0.6214298853089003,
    "receivedKBytesPerSec" : 259.00214498176723,
    "sentKBytesPerSec" : 0.12501421520862643
  },
  "ent-am AEM" : {
    "transaction" : "ent-am AEM",
    "sampleCount" : 250,
    "errorCount" : 0,
    "errorPct" : 0.0,
    "meanResTime" : 250.22400000000007,
    "minResTime" : 58.0,
    "maxResTime" : 1205.0,
    "pct1ResTime" : 487.1,
    "pct2ResTime" : 611.9,
    "pct3ResTime" : 964.8000000000038,
    "throughput" : 0.6291571559076599,
    "receivedKBytesPerSec" : 273.34405541647686,
    "sentKBytesPerSec" : 0.12656872472361125
  },
  "manifest" : {
    "transaction" : "manifest",
    "sampleCount" : 250,
    "errorCount" : 0,
    "errorPct" : 0.0,
    "meanResTime" : 20.660000000000007,
    "minResTime" : 8.0,
    "maxResTime" : 149.0,
    "pct1ResTime" : 33.0,
    "pct2ResTime" : 53.14999999999992,
    "pct3ResTime" : 117.35000000000014,
    "throughput" : 1.2471191547525216,
    "receivedKBytesPerSec" : 3.855839105416488,
    "sentKBytesPerSec" : 0.3470985928754577
  },
  "sc AEM" : {
    "transaction" : "sc AEM",
    "sampleCount" : 250,
    "errorCount" : 0,
    "errorPct" : 0.0,
    "meanResTime" : 421.16399999999993,
    "minResTime" : 73.0,
    "maxResTime" : 2071.0,
    "pct1ResTime" : 860.6,
    "pct2ResTime" : 1042.05,
    "pct3ResTime" : 1393.5600000000013,
    "throughput" : 0.6226681079357805,
    "receivedKBytesPerSec" : 412.5437687033933,
    "sentKBytesPerSec" : 0.1228310134795192
  },
  "ph AEM" : {
    "transaction" : "ph AEM",
    "sampleCount" : 250,
    "errorCount" : 0,
    "errorPct" : 0.0,
    "meanResTime" : 295.99199999999985,
    "minResTime" : 55.0,
    "maxResTime" : 1060.0,
    "pct1ResTime" : 595.3000000000001,
    "pct2ResTime" : 744.7499999999998,
    "pct3ResTime" : 884.1000000000008,
    "throughput" : 0.6234445059576357,
    "receivedKBytesPerSec" : 275.97149993578523,
    "sentKBytesPerSec" : 0.12298417012054923
  },
  "bf AEM" : {
    "transaction" : "bf AEM",
    "sampleCount" : 250,
    "errorCount" : 0,
    "errorPct" : 0.0,
    "meanResTime" : 188.22799999999998,
    "minResTime" : 44.0,
    "maxResTime" : 899.0,
    "pct1ResTime" : 368.1,